Method,Job,AnalyzeLaunchVariance,EvaluateOverhead,MaxAbsoluteError,MaxRelativeError,MinInvokeCount,MinIterationTime,OutlierMode,Affinity,EnvironmentVariables,Jit,LargeAddressAware,Platform,PowerPlanMode,Runtime,AllowVeryLargeObjects,Concurrent,CpuGroups,Force,HeapAffinitizeMask,HeapCount,NoAffinitize,RetainVm,Server,Arguments,BuildConfiguration,Clock,EngineFactory,NuGetReferences,Toolchain,IsMutator,InvocationCount,IterationCount,IterationTime,LaunchCount,MaxIterationCount,MaxWarmupIterationCount,MemoryRandomization,MinIterationCount,MinWarmupIterationCount,RunStrategy,UnrollFactor,WarmupCount,Filter,Mean,Error,StdDev,Ratio,RatioSD,Gen0,Allocated,Alloc Ratio
'Driver: AsQueryable',DefaultJob,False,Default,Default,Default,Default,Default,Default,0000000000000000,Empty,RyuJit,Default,Arm64,8c5e7fda-e8bf-4a96-9a85-a6e23a8c635c,.NET 10.0,False,True,False,True,Default,Default,False,False,False,Default,Default,Default,Default,Default,Default,Default,Default,Default,Default,Default,Default,Default,Default,Default,Default,Default,16,Default,None,110.2 ns,0.98 ns,0.87 ns,1.00,0.01,0.0411,344 B,1.00
'MongoFlow: QueryAsync',DefaultJob,False,Default,Default,Default,Default,Default,Default,0000000000000000,Empty,RyuJit,Default,Arm64,8c5e7fda-e8bf-4a96-9a85-a6e23a8c635c,.NET 10.0,False,True,False,True,Default,Default,False,False,False,Default,Default,Default,Default,Default,Default,Default,Default,Default,Default,Default,Default,Default,Default,Default,Default,Default,16,Default,None,121.2 ns,0.75 ns,0.67 ns,1.10,0.01,0.0381,320 B,0.93
'Driver: AsQueryable',DefaultJob,False,Default,Default,Default,Default,Default,Default,0000000000000000,Empty,RyuJit,Default,Arm64,8c5e7fda-e8bf-4a96-9a85-a6e23a8c635c,.NET 10.0,False,True,False,True,Default,Default,False,False,False,Default,Default,Default,Default,Default,Default,Default,Default,Default,Default,Default,Default,Default,Default,Default,Default,Default,16,Default,Static,483.7 ns,8.16 ns,6.81 ns,1.00,0.02,0.1593,1336 B,1.00
'MongoFlow: QueryAsync',DefaultJob,False,Default,Default,Default,Default,Default,Default,0000000000000000,Empty,RyuJit,Default,Arm64,8c5e7fda-e8bf-4a96-9a85-a6e23a8c635c,.NET 10.0,False,True,False,True,Default,Default,False,False,False,Default,Default,Default,Default,Default,Default,Default,Default,Default,Default,Default,Default,Default,Default,Default,Default,Default,16,Default,Static,342.5 ns,6.77 ns,5.29 ns,0.71,0.01,0.0877,736 B,0.55
'Driver: AsQueryable',DefaultJob,False,Default,Default,Default,Default,Default,Default,0000000000000000,Empty,RyuJit,Default,Arm64,8c5e7fda-e8bf-4a96-9a85-a6e23a8c635c,.NET 10.0,False,True,False,True,Default,Default,False,False,False,Default,Default,Default,Default,Default,Default,Default,Default,Default,Default,Default,Default,Default,Default,Default,Default,Default,16,Default,PerQuery,678.5 ns,13.52 ns,27.30 ns,1.00,0.06,0.2127,1784 B,1.00
'MongoFlow: QueryAsync',DefaultJob,False,Default,Default,Default,Default,Default,Default,0000000000000000,Empty,RyuJit,Default,Arm64,8c5e7fda-e8bf-4a96-9a85-a6e23a8c635c,.NET 10.0,False,True,False,True,Default,Default,False,False,False,Default,Default,Default,Default,Default,Default,Default,Default,Default,Default,Default,Default,Default,Default,Default,Default,Default,16,Default,PerQuery,991.2 ns,11.97 ns,11.20 ns,1.46,0.06,0.3052,2616 B,1.47
'Driver: AsQueryable',DefaultJob,False,Default,Default,Default,Default,Default,Default,0000000000000000,Empty,RyuJit,Default,Arm64,8c5e7fda-e8bf-4a96-9a85-a6e23a8c635c,.NET 10.0,False,True,False,True,Default,Default,False,False,False,Default,Default,Default,Default,Default,Default,Default,Default,Default,Default,Default,Default,Default,Default,Default,Default,Default,16,Default,Async,597.6 ns,6.27 ns,5.24 ns,1.00,0.01,0.1926,1616 B,1.00
'MongoFlow: QueryAsync',DefaultJob,False,Default,Default,Default,Default,Default,Default,0000000000000000,Empty,RyuJit,Default,Arm64,8c5e7fda-e8bf-4a96-9a85-a6e23a8c635c,.NET 10.0,False,True,False,True,Default,Default,False,False,False,Default,Default,Default,Default,Default,Default,Default,Default,Default,Default,Default,Default,Default,Default,Default,Default,Default,16,Default,Async,998.2 ns,8.17 ns,7.64 ns,1.67,0.02,0.3052,2616 B,1.62
'Driver: AsQueryable',DefaultJob,False,Default,Default,Default,Default,Default,Default,0000000000000000,Empty,RyuJit,Default,Arm64,8c5e7fda-e8bf-4a96-9a85-a6e23a8c635c,.NET 10.0,False,True,False,True,Default,Default,False,False,False,Default,Default,Default,Default,Default,Default,Default,Default,Default,Default,Default,Default,Default,Default,Default,Default,Default,16,Default,Tenant,639.0 ns,10.26 ns,8.57 ns,1.00,0.02,0.2127,1784 B,1.00
'MongoFlow: QueryAsync',DefaultJob,False,Default,Default,Default,Default,Default,Default,0000000000000000,Empty,RyuJit,Default,Arm64,8c5e7fda-e8bf-4a96-9a85-a6e23a8c635c,.NET 10.0,False,True,False,True,Default,Default,False,False,False,Default,Default,Default,Default,Default,Default,Default,Default,Default,Default,Default,Default,Default,Default,Default,Default,Default,16,Default,Tenant,702.7 ns,8.75 ns,8.19 ns,1.10,0.02,0.1984,1664 B,0.93
'Driver: AsQueryable',DefaultJob,False,Default,Default,Default,Default,Default,Default,0000000000000000,Empty,RyuJit,Default,Arm64,8c5e7fda-e8bf-4a96-9a85-a6e23a8c635c,.NET 10.0,False,True,False,True,Default,Default,False,False,False,Default,Default,Default,Default,Default,Default,Default,Default,Default,Default,Default,Default,Default,Default,Default,Default,Default,16,Default,FeatureOff,108.4 ns,2.16 ns,2.12 ns,1.00,0.03,0.0411,344 B,1.00
'MongoFlow: QueryAsync',DefaultJob,False,Default,Default,Default,Default,Default,Default,0000000000000000,Empty,RyuJit,Default,Arm64,8c5e7fda-e8bf-4a96-9a85-a6e23a8c635c,.NET 10.0,False,True,False,True,Default,Default,False,False,False,Default,Default,Default,Default,Default,Default,Default,Default,Default,Default,Default,Default,Default,Default,Default,Default,Default,16,Default,FeatureOff,143.5 ns,1.04 ns,0.87 ns,1.32,0.03,0.0553,464 B,1.35
