Method,Job,AnalyzeLaunchVariance,EvaluateOverhead,MaxAbsoluteError,MaxRelativeError,MinInvokeCount,MinIterationTime,OutlierMode,Affinity,EnvironmentVariables,Jit,LargeAddressAware,Platform,PowerPlanMode,Runtime,AllowVeryLargeObjects,Concurrent,CpuGroups,Force,HeapAffinitizeMask,HeapCount,NoAffinitize,RetainVm,Server,Arguments,BuildConfiguration,Clock,EngineFactory,NuGetReferences,Toolchain,IsMutator,InvocationCount,IterationCount,IterationTime,LaunchCount,MaxIterationCount,MaxWarmupIterationCount,MemoryRandomization,MinIterationCount,MinWarmupIterationCount,RunStrategy,UnrollFactor,WarmupCount,Count,Mean,Error,StdDev,Median,Ratio,RatioSD,Gen0,Gen1,Allocated,Alloc Ratio
"'Driver: find, then client bulk write'",DefaultJob,False,Default,Default,Default,Default,Default,Default,0000000000000000,Empty,RyuJit,Default,Arm64,8c5e7fda-e8bf-4a96-9a85-a6e23a8c635c,.NET 10.0,False,True,False,True,Default,Default,False,False,False,Default,Default,Default,Default,Default,Default,Default,Default,Default,Default,Default,Default,Default,Default,Default,Default,Default,16,Default,1,"1,505.1 μs",107.84 μs,302.38 μs,"1,425.4 μs",1.04,0.28,7.8125,0.0000,70.68 KB,1.00
"'MongoFlow: read, then UpdateByKey'",DefaultJob,False,Default,Default,Default,Default,Default,Default,0000000000000000,Empty,RyuJit,Default,Arm64,8c5e7fda-e8bf-4a96-9a85-a6e23a8c635c,.NET 10.0,False,True,False,True,Default,Default,False,False,False,Default,Default,Default,Default,Default,Default,Default,Default,Default,Default,Default,Default,Default,Default,Default,Default,Default,16,Default,1,"1,417.7 μs",79.77 μs,230.15 μs,"1,386.0 μs",0.98,0.23,7.8125,0.0000,71.73 KB,1.01
"'MongoFlow: tracked read, then save'",DefaultJob,False,Default,Default,Default,Default,Default,Default,0000000000000000,Empty,RyuJit,Default,Arm64,8c5e7fda-e8bf-4a96-9a85-a6e23a8c635c,.NET 10.0,False,True,False,True,Default,Default,False,False,False,Default,Default,Default,Default,Default,Default,Default,Default,Default,Default,Default,Default,Default,Default,Default,Default,Default,16,Default,1,"1,437.6 μs",89.75 μs,247.18 μs,"1,386.1 μs",0.99,0.24,7.8125,0.0000,74.6 KB,1.06
"'MongoFlow: tracked read, nothing changed'",DefaultJob,False,Default,Default,Default,Default,Default,Default,0000000000000000,Empty,RyuJit,Default,Arm64,8c5e7fda-e8bf-4a96-9a85-a6e23a8c635c,.NET 10.0,False,True,False,True,Default,Default,False,False,False,Default,Default,Default,Default,Default,Default,Default,Default,Default,Default,Default,Default,Default,Default,Default,Default,Default,16,Default,1,120.7 μs,2.17 μs,1.92 μs,121.2 μs,0.08,0.01,2.9297,0.0000,25.16 KB,0.36
"'Driver: find, then client bulk write'",DefaultJob,False,Default,Default,Default,Default,Default,Default,0000000000000000,Empty,RyuJit,Default,Arm64,8c5e7fda-e8bf-4a96-9a85-a6e23a8c635c,.NET 10.0,False,True,False,True,Default,Default,False,False,False,Default,Default,Default,Default,Default,Default,Default,Default,Default,Default,Default,Default,Default,Default,Default,Default,Default,16,Default,100,"4,372.1 μs",331.88 μs,962.83 μs,"4,203.0 μs",1.05,0.32,70.3125,15.6250,633.26 KB,1.00
"'MongoFlow: read, then UpdateByKey'",DefaultJob,False,Default,Default,Default,Default,Default,Default,0000000000000000,Empty,RyuJit,Default,Arm64,8c5e7fda-e8bf-4a96-9a85-a6e23a8c635c,.NET 10.0,False,True,False,True,Default,Default,False,False,False,Default,Default,Default,Default,Default,Default,Default,Default,Default,Default,Default,Default,Default,Default,Default,Default,Default,16,Default,100,"3,869.8 μs",193.79 μs,552.89 μs,"3,768.7 μs",0.93,0.23,54.6875,7.8125,500.13 KB,0.79
"'MongoFlow: tracked read, then save'",DefaultJob,False,Default,Default,Default,Default,Default,Default,0000000000000000,Empty,RyuJit,Default,Arm64,8c5e7fda-e8bf-4a96-9a85-a6e23a8c635c,.NET 10.0,False,True,False,True,Default,Default,False,False,False,Default,Default,Default,Default,Default,Default,Default,Default,Default,Default,Default,Default,Default,Default,Default,Default,Default,16,Default,100,"3,964.2 μs",194.10 μs,550.64 μs,"3,963.6 μs",0.95,0.24,78.1250,15.6250,715.12 KB,1.13
"'MongoFlow: tracked read, nothing changed'",DefaultJob,False,Default,Default,Default,Default,Default,Default,0000000000000000,Empty,RyuJit,Default,Arm64,8c5e7fda-e8bf-4a96-9a85-a6e23a8c635c,.NET 10.0,False,True,False,True,Default,Default,False,False,False,Default,Default,Default,Default,Default,Default,Default,Default,Default,Default,Default,Default,Default,Default,Default,Default,Default,16,Default,100,276.5 μs,4.68 μs,3.91 μs,277.5 μs,0.07,0.01,30.2734,3.4180,250.91 KB,0.40
"'Driver: find, then client bulk write'",DefaultJob,False,Default,Default,Default,Default,Default,Default,0000000000000000,Empty,RyuJit,Default,Arm64,8c5e7fda-e8bf-4a96-9a85-a6e23a8c635c,.NET 10.0,False,True,False,True,Default,Default,False,False,False,Default,Default,Default,Default,Default,Default,Default,Default,Default,Default,Default,Default,Default,Default,Default,Default,Default,16,Default,1000,"20,564.5 μs",437.32 μs,"1,233.47 μs","20,274.6 μs",1.00,0.08,687.5000,250.0000,5808 KB,1.00
"'MongoFlow: read, then UpdateByKey'",DefaultJob,False,Default,Default,Default,Default,Default,Default,0000000000000000,Empty,RyuJit,Default,Arm64,8c5e7fda-e8bf-4a96-9a85-a6e23a8c635c,.NET 10.0,False,True,False,True,Default,Default,False,False,False,Default,Default,Default,Default,Default,Default,Default,Default,Default,Default,Default,Default,Default,Default,Default,Default,Default,16,Default,1000,"22,763.8 μs","1,097.16 μs","3,112.47 μs","21,915.3 μs",1.11,0.16,500.0000,187.5000,4451.24 KB,0.77
"'MongoFlow: tracked read, then save'",DefaultJob,False,Default,Default,Default,Default,Default,Default,0000000000000000,Empty,RyuJit,Default,Arm64,8c5e7fda-e8bf-4a96-9a85-a6e23a8c635c,.NET 10.0,False,True,False,True,Default,Default,False,False,False,Default,Default,Default,Default,Default,Default,Default,Default,Default,Default,Default,Default,Default,Default,Default,Default,Default,16,Default,1000,"22,003.4 μs",474.23 μs,"1,321.97 μs","21,586.1 μs",1.07,0.09,812.5000,343.7500,6818.98 KB,1.17
"'MongoFlow: tracked read, nothing changed'",DefaultJob,False,Default,Default,Default,Default,Default,Default,0000000000000000,Empty,RyuJit,Default,Arm64,8c5e7fda-e8bf-4a96-9a85-a6e23a8c635c,.NET 10.0,False,True,False,True,Default,Default,False,False,False,Default,Default,Default,Default,Default,Default,Default,Default,Default,Default,Default,Default,Default,Default,Default,Default,Default,16,Default,1000,"2,060.3 μs",54.22 μs,153.81 μs,"2,014.8 μs",0.10,0.01,292.9688,117.1875,2396.49 KB,0.41
